,page,origin_x,origin_y,concatenated_text
0,1,217.8500061035156,49.55999755859375,East Lothian Council 
1,1,297.6499938964844,66.5999755859375, 
2,1,199.25,83.51995849609375,FOI Ref: 2024/ELF14849 
3,1,72.02400207519531,96.8599853515625,"  Please can you supply me with the following information?   Registration number: Make: Model:   of all vehicles registered as a Taxi, Hackney Carriage or for Private Hire between 22nd November 2023 and 31"
4,1,362.1099853515625,210.13995361328125,st
5,1,370.6300048828125,214.0999755859375, March 2024 within 
6,1,72.02400207519531,228.6199951171875,your Council.  
7,1,77.66400146484375,267.5,GF16 HJE 
8,1,171.6199951171875,267.5,Vauxhall 
9,1,272.69000244140625,267.5,Octavia S TDi 
10,1,77.66400146484375,282.52996826171875,DL15 XXT 
11,1,171.6199951171875,282.52996826171875,Vauxhall 
12,1,272.69000244140625,282.52996826171875,Astra 
13,1,77.66400146484375,297.64996337890625,CP17 YXJ 
14,1,171.6199951171875,297.64996337890625,FORD 
15,1,272.69000244140625,297.64996337890625,TRANSIT 
16,1,77.66400146484375,312.76995849609375,MM70 JBV 
17,1,171.6199951171875,312.76995849609375,Vauxhall 
18,1,272.69000244140625,312.76995849609375,Corsa 
19,1,77.66400146484375,327.76995849609375,GD66 OMC 
20,1,171.6199951171875,327.76995849609375,Skoda 
21,1,272.69000244140625,327.76995849609375,Octavia Estate 
22,1,77.66400146484375,357.52996826171875,YE66 UJC 
23,1,171.6199951171875,357.52996826171875,Renault 
24,1,272.69000244140625,342.8899841308594,Trafic LL29 Sport Energy DCI 
25,1,77.66400146484375,372.5299682617187,NK17 DMZ 
26,1,171.6199951171875,372.5299682617187,Vauxhall 
27,1,272.69000244140625,372.5299682617187,Vivaro Combi 
28,1,77.66400146484375,387.6499938964844,WF71 EXU 
29,1,171.6199951171875,387.6499938964844,Hyundai 
30,1,272.69000244140625,387.6499938964844,IONiQ PREMIUM HEV S-A 
31,1,77.66400146484375,402.7699890136719,SC21 WHH 
32,1,171.6199951171875,402.7699890136719,Toyota 
33,1,272.69000244140625,402.7699890136719,Corolla 
34,1,77.66400146484375,417.7699890136719,FP15 RDY 
35,1,171.6199951171875,417.7699890136719,Vauxhall 
36,1,272.69000244140625,417.7699890136719,Astra Tech Line CDTi S/S 
37,1,77.66400146484375,432.8899841308594,FJ17 XKX 
38,1,171.6199951171875,432.8899841308594,Vauxhall 
39,1,272.69000244140625,432.8899841308594,Insignia 
40,1,77.66400146484375,462.5299682617187,FN65 OYW 
41,1,171.6199951171875,462.5299682617187,Vauxhall 
42,1,272.69000244140625,448.0099792480469,Astra Tech Line CDTI S/S 
43,1,77.66400146484375,477.66998291015625,T10 TTX 
44,1,171.6199951171875,477.66998291015625,Mercedes 
45,1,272.69000244140625,477.66998291015625,E350E SE Premium Auto 
46,1,77.66400146484375,507.30999755859375,YC71EBJ 
47,1,171.6199951171875,507.30999755859375,Kia 
48,1,272.69000244140625,492.78997802734375,Ceed 2 Nav CRDI ISG MHEV 
49,1,77.66400146484375,522.4299926757812,EGZ 5639 
50,1,171.6199951171875,522.4299926757812,Volkswagen 
51,1,272.69000244140625,522.4299926757812,  
52,1,77.66400146484375,537.5499877929688,YC72 UZR 
53,1,171.6199951171875,537.5499877929688,MG 
54,1,272.69000244140625,537.5499877929688,5 Excite 
55,1,77.66400146484375,552.5499877929688,DP69 ELW 
56,1,171.6199951171875,552.5499877929688,Ford 
57,1,272.69000244140625,552.5499877929688,Tourneo Courier 
58,1,77.66400146484375,567.6699829101562,VN71 YHD 
59,1,171.6199951171875,567.6699829101562,Volkswagon 
60,1,272.69000244140625,567.6699829101562,Caddy 
61,1,77.66400146484375,597.3099975585938,SD15 VPC 
62,1,171.6199951171875,582.7899780273438,Mercedes-Benz 
63,1,272.69000244140625,582.7899780273438,Vito 116 Bluetec Tourer Pro 
64,1,77.66400146484375,612.4299926757812,SB14 BTE 
65,1,171.6199951171875,612.4299926757812,Vauxhall 
66,1,272.69000244140625,612.4299926757812,Zafira Exclusiv 
67,1,77.66400146484375,642.0699462890625,DC21ACS 
68,1,171.6199951171875,627.5499877929688,Mercedes-Benz 
69,1,272.69000244140625,642.0699462890625,Evito Tourer Pro 
70,1,77.66400146484375,657.219970703125,FN65 OYA 
71,1,171.6199951171875,657.219970703125,Vauxhall 
72,1,272.69000244140625,657.219970703125,Astra Tech Line CDTi S/S 
73,1,77.66400146484375,672.3399658203125,T44 GGT 
74,1,171.6199951171875,672.3399658203125,Skoda 
75,1,272.69000244140625,672.3399658203125,Superb 
76,1,77.66400146484375,687.3399658203125,GL17 HRE 
77,1,171.6199951171875,687.3399658203125,Skoda 
78,1,272.69000244140625,687.3399658203125,Superb 
79,1,77.66400146484375,702.4599609375,YR62 HME 
80,1,171.6199951171875,702.4599609375,Vauxhall 
81,1,272.69000244140625,702.4599609375,Zafira Exclusiv 
82,1,77.66400146484375,717.5799560546875,DK69 CXZ 
83,1,171.6199951171875,717.5799560546875,Peugeot 
84,1,272.69000244140625,717.5799560546875,Boxer 
85,1,77.66400146484375,732.5799560546875,NK63 FDJ 
86,1,171.6199951171875,732.5799560546875,Seat 
87,1,272.69000244140625,732.5799560546875,Toledo 
88,1,77.66400146484375,762.3359985351562,NX09 XDS 
89,1,171.6199951171875,762.3359985351562,Vauxhall 
90,1,272.69000244140625,747.6959838867188,Insignia Exclusiv 160 CDTI 
91,2,217.8500061035156,49.55999755859375,East Lothian Council 
92,2,297.6499938964844,66.5999755859375, 
93,2,199.25,83.51995849609375,FOI Ref: 2024/ELF14849 
94,2,72.02400207519531,96.8599853515625,  
95,2,77.66400146484375,126.97998046875,YG67 ZZD 
96,2,171.6199951171875,126.97998046875,Peugeot 
97,2,272.69000244140625,112.4599609375,508 GT line Blue HDI S/S 
98,2,77.66400146484375,142.0999755859375,SN19 BLG 
99,2,171.6199951171875,142.0999755859375,Toyota 
100,2,272.69000244140625,142.0999755859375,Corolla 
101,2,77.66400146484375,157.219970703125,GC21ORX 
102,2,171.6199951171875,157.219970703125,Skoda 
103,2,272.69000244140625,157.219970703125,Octavia SE TDI 
104,2,77.66400146484375,186.8599853515625,FN65 OXZ 
105,2,171.6199951171875,186.8599853515625,Vauxhall 
106,2,272.69000244140625,172.3399658203125,Astra Tech Line CDTI S/S 
107,2,77.66400146484375,201.97998046875,FG69 EOD 
108,2,171.6199951171875,201.97998046875,Ford 
109,2,272.69000244140625,201.97998046875,Tourneo Courier 
110,2,77.66400146484375,217.0999755859375,BV20 PEO 
111,2,171.6199951171875,217.0999755859375,Skoda 
112,2,272.69000244140625,217.0999755859375,Octavia 
113,2,77.66400146484375,232.0999755859375,FM23 DWP 
114,2,171.6199951171875,232.0999755859375,Dacia 
115,2,272.69000244140625,232.0999755859375,Jogger Essential 
116,2,77.66400146484375,247.219970703125,SB18 PXW 
117,2,171.6199951171875,247.219970703125,Nissan Leaf 
118,2,272.69000244140625,247.219970703125,  
119,2,77.66400146484375,276.8599853515625,YP18WXO 
120,2,171.6199951171875,262.3399658203125,Vauxhall Vivaro 
121,2,272.69000244140625,276.8599853515625,X83 
122,2,77.66400146484375,306.52996826171875,H22 LAH 
123,2,171.6199951171875,306.52996826171875,Hyundai 
124,2,272.69000244140625,292.010009765625,Tucson SE Connect T-GDI HEV A 
125,2,77.66400146484375,321.64996337890625,MF71 VDT 
126,2,171.6199951171875,321.64996337890625,Toyota 
127,2,272.69000244140625,321.64996337890625,Corola Hybred 
128,2,77.66400146484375,336.7699890136719,SK22 VFW 
129,2,171.6199951171875,336.7699890136719,MG5 
130,2,272.69000244140625,336.7699890136719,Electric Estate Excite 
131,2,77.66400146484375,351.7699890136719,GK23 PZX 
132,2,171.6199951171875,351.7699890136719,Skoda 
133,2,272.69000244140625,351.7699890136719,Octavia 1.0 TSi SE 
134,2,77.66400146484375,366.8899841308594,JM11KAS 
135,2,171.6199951171875,366.8899841308594,Skoda 
136,2,272.69000244140625,366.8899841308594,Superb S TD 
137,2,77.66400146484375,382.0099792480469,NV68KMU 
138,2,171.6199951171875,382.0099792480469,Vauxhall 
139,2,272.69000244140625,382.0099792480469,Insignia 
140,2,77.66400146484375,411.6499938964844,L7 GWR 
141,2,171.6199951171875,411.6499938964844,Hyundai 
142,2,272.69000244140625,397.1299743652344,Kona SE Connect T-GDI MHEV 
143,2,77.66400146484375,426.7699890136719,HN67 MXJ 
144,2,171.6199951171875,426.7699890136719,Skoda 
145,2,272.69000244140625,426.7699890136719,Octavia 
146,2,77.66400146484375,441.8899841308594,SF66GDY 
147,2,171.6199951171875,441.8899841308594,Peugeot 
148,2,272.69000244140625,441.8899841308594,Boxer 
149,2,77.66400146484375,456.8899841308594,Y10 TTX 
150,2,171.6199951171875,456.8899841308594,Mercedes Benz Euro 
151,2,77.66400146484375,486.5499877929687,VE21 AZX 
152,2,171.6199951171875,472.0299682617187,Vauxhall Insignia 
153,2,272.69000244140625,486.5499877929687,  
154,2,77.66400146484375,501.66998291015625,LM65  EKX 
155,2,171.6199951171875,501.66998291015625,Vauxhall 
156,2,272.69000244140625,501.66998291015625,X83 
157,2,77.66400146484375,516.7899780273438,SL22 YJA 
158,2,171.6199951171875,516.7899780273438,Nissan 
159,2,272.69000244140625,516.7899780273438,Leaf N-Connect 
160,2,77.66400146484375,531.9099731445312,SK66 TNX 
161,2,171.6199951171875,531.9099731445312,Vauxhall 
162,2,272.69000244140625,531.9099731445312,Vivaro Combi CDTi S/S 
163,2,77.66400146484375,546.9099731445312,BD67 CCV 
164,2,171.6199951171875,546.9099731445312,Skoda 
165,2,272.69000244140625,546.9099731445312,Superb 
166,2,77.66400146484375,562.0299682617188,T999 GPH 
167,2,171.6199951171875,562.0299682617188,Volkswagen 
168,2,272.69000244140625,562.0299682617188,Caddy Maxi Life 
169,2,77.66400146484375,577.1500244140625,SA22 GZU 
170,2,171.6199951171875,577.1500244140625,Vauxhall 
171,2,272.69000244140625,577.1500244140625,Euro 
172,2,77.66400146484375,592.1499633789062,YY69XRO 
173,2,171.6199951171875,592.1499633789062,Volkswagon 
174,2,272.69000244140625,592.1499633789062,Caddy Maxi Life 
175,2,77.66400146484375,607.27001953125,DF17 YAX 
176,2,171.6199951171875,607.27001953125,Vauxhall 
177,2,272.69000244140625,607.27001953125,Vivaro 1.6TDI BI Turbo 
178,2,77.66400146484375,622.3900146484375,SJ65 UVN 
179,2,171.6199951171875,622.3900146484375,Vauxhall 
180,2,272.69000244140625,622.3900146484375,Zafira  Exclusiv 
181,2,77.66400146484375,637.3900146484375,JC06 EMS 
182,2,171.6199951171875,637.3900146484375,Ford 
183,2,272.69000244140625,637.3900146484375,Focus Zetec TDCi 
184,2,77.66400146484375,652.510009765625,GJ20VZA 
185,2,171.6199951171875,652.510009765625,Skoda 
186,2,272.69000244140625,652.510009765625,Octavia 
187,2,77.66400146484375,682.1799926757812,MW18 PKX 
188,2,171.6199951171875,667.6599731445312,Citreon Spacetourer 
189,2,272.69000244140625,682.1799926757812,  
190,2,77.66400146484375,697.2999877929688,GY22 CZV 
191,2,171.6199951171875,697.2999877929688,Toyota 
192,2,272.69000244140625,697.2999877929688,Corolla ICON HEV CVT 
193,2,77.66400146484375,712.4199829101562,PE14 HRA 
194,2,171.6199951171875,712.4199829101562,Mercedes Benz Vito 113 CDI Traveliner 
195,2,77.66400146484375,742.0559692382812,BG55TAX 
196,2,171.6199951171875,742.0559692382812,Mercedes Benz 
197,2,272.69000244140625,727.4199829101562,B200 Sport Executive D Auto 
198,2,77.66400146484375,757.1759643554688,GY71 LWG 
199,2,171.6199951171875,757.1759643554688,Vauxhall 
200,2,272.69000244140625,757.1759643554688,Vivaro 
201,3,217.8500061035156,49.55999755859375,East Lothian Council 
202,3,297.6499938964844,66.5999755859375, 
203,3,199.25,83.51995849609375,FOI Ref: 2024/ELF14849 
204,3,72.02400207519531,96.8599853515625,  
205,3,77.66400146484375,112.4599609375,MD17 WGO 
206,3,171.6199951171875,112.4599609375,Skoda 
207,3,272.69000244140625,112.4599609375,Octavia 
208,3,77.66400146484375,127.5799560546875,SM12 CAB 
209,3,171.6199951171875,127.5799560546875,Seat 
210,3,272.69000244140625,127.5799560546875,Ateca 
211,3,77.66400146484375,142.5799560546875,AK69 XEO 
212,3,171.6199951171875,142.5799560546875,Volkswagen 
213,3,272.69000244140625,142.5799560546875,Caddy Maxi Life 
214,3,77.66400146484375,157.70001220703125,YH72 ZKJ 
215,3,171.6199951171875,157.70001220703125,Dacia 
216,3,272.69000244140625,157.70001220703125,Jogger Essential TCE 
217,3,77.66400146484375,172.82000732421875,YY71 JWC 
218,3,171.6199951171875,172.82000732421875,Vauxhall 
219,3,272.69000244140625,172.82000732421875,Vivaro 
220,3,77.66400146484375,187.82000732421875,E9 LPH 
221,3,171.6199951171875,187.82000732421875,Mercedes Benz Vito Tourer 
222,3,77.66400146484375,202.94000244140625,FE20 YVR 
223,3,171.6199951171875,202.94000244140625,Vauxhall 
224,3,272.69000244140625,202.94000244140625,Combo Life Energy s/s 
225,3,77.66400146484375,232.5799560546875,SL71 JYF 
226,3,171.6199951171875,218.05999755859375,MG MG 5 Excite EV 
227,3,272.69000244140625,232.5799560546875,  
228,3,77.66400146484375,247.70001220703125,YT18 XBX 
229,3,171.6199951171875,247.70001220703125,Ford 
230,3,272.69000244140625,247.70001220703125,Transit 
231,3,77.66400146484375,262.82000732421875,YC72UTY 
232,3,171.6199951171875,262.82000732421875,MG 
233,3,272.69000244140625,262.82000732421875,5 Excite 
234,3,77.66400146484375,277.8499755859375,SO71 CZA 
235,3,171.6199951171875,277.8499755859375,MG 
236,3,272.69000244140625,277.8499755859375,HS Exclusive  S-A 
237,3,77.66400146484375,307.6099853515625,YD14 ZKR 
238,3,171.6199951171875,307.6099853515625,Volkswagen 
239,3,272.69000244140625,292.969970703125,T Porter T30 SW 140TDI LW 
240,3,77.66400146484375,337.2499694824219,SN23THF 
241,3,171.6199951171875,322.6099853515625,Mercedes-Benz 
242,3,272.69000244140625,322.6099853515625,Vito 116CDI Tourer Select Auto 
243,3,77.66400146484375,352.3699951171875,EN67 JPF 
244,3,171.6199951171875,352.3699951171875,Hyundai 
245,3,272.69000244140625,352.3699951171875,Ioniq SE 
246,3,77.66400146484375,367.3699951171875,EN67 KOJ 
247,3,171.6199951171875,367.3699951171875,Hyundai 
248,3,272.69000244140625,367.3699951171875,Ioniq SE 
249,3,77.66400146484375,382.489990234375,DY18 WOB 
250,3,171.6199951171875,382.489990234375,Vauxhall 
251,3,272.69000244140625,382.489990234375,Mokka X Active CDTI S/S 
252,3,77.66400146484375,397.6099853515625,YS68 LJL 
253,3,171.6199951171875,397.6099853515625,Vauxhall 
254,3,272.69000244140625,397.6099853515625,Vivaro 
255,3,77.66400146484375,412.6099853515625,SD21NCA 
256,3,171.6199951171875,412.6099853515625,Skoda 
257,3,272.69000244140625,412.6099853515625,Octavia SE 
258,3,77.66400146484375,427.72998046875,LK16 MXO 
259,3,171.6199951171875,427.72998046875,Vauxhall 
260,3,272.69000244140625,427.72998046875,Vivaro 
261,3,77.66400146484375,442.8499755859375,GK67 NYY 
262,3,171.6199951171875,442.8499755859375,Volkswagen 
263,3,272.69000244140625,442.8499755859375,Caddy Max C20 Life TDI 
264,3,77.66400146484375,457.969970703125,YF66 CTE 
265,3,171.6199951171875,457.969970703125,Renault 
266,3,272.69000244140625,457.969970703125,E6 Traffic 
267,3,77.66400146484375,472.989990234375,AC52 CAR 
268,3,171.6199951171875,472.989990234375,Mercedes 
269,3,272.69000244140625,472.989990234375,E220 CDI Elegance Auto 
270,3,77.66400146484375,488.1099853515625,DS68 TLU 
271,3,171.6199951171875,488.1099853515625,Vauxhall 
272,3,272.69000244140625,488.1099853515625,Vivaro 
273,3,77.66400146484375,503.22998046875,NV19 FJE 
274,3,171.6199951171875,503.22998046875,Skoda 
275,3,272.69000244140625,503.22998046875,Octavia Hatchback 
276,3,77.66400146484375,518.22998046875,SD19 UBP 
277,3,171.6199951171875,518.22998046875,Ford 
278,3,272.69000244140625,518.22998046875,Mondeo 
279,3,77.66400146484375,533.3499755859375,SB70 KFJ 
280,3,171.6199951171875,533.3499755859375,Skoda 
281,3,272.69000244140625,533.3499755859375,Octavia SE 
282,3,77.66400146484375,548.469970703125,YX55 FKY 
283,3,171.6199951171875,548.469970703125,Renault 
284,3,272.69000244140625,548.469970703125,Master 
285,3,77.66400146484375,563.469970703125,DU67 YLA 
286,3,171.6199951171875,563.469970703125,Vauxhall 
287,3,272.69000244140625,563.469970703125,Zafira 
288,3,77.66400146484375,578.5899658203125,SK22 VFY 
289,3,171.6199951171875,578.5899658203125,MG 
290,3,272.69000244140625,578.5899658203125,5 Excite 
291,3,77.66400146484375,593.7099609375,DL14 CYO 
292,3,171.6199951171875,593.7099609375,Vauxhall 
293,3,272.69000244140625,593.7099609375,Vivaro 
294,3,77.66400146484375,623.3499755859375,SK22 VGE 
295,3,171.6199951171875,608.8299560546875,MG MG 5 Excite EV 
296,3,272.69000244140625,623.3499755859375,  
297,3,77.66400146484375,638.469970703125,BT20VYP 
298,3,171.6199951171875,638.469970703125,Ford 
299,3,272.69000244140625,638.469970703125,Tourneo Custom 
300,3,77.66400146484375,668.1400146484375,YE65 XTY 
301,3,171.6199951171875,668.1400146484375,Ford 
302,3,272.69000244140625,653.469970703125,Tourneo Cust 300 SET TDCI 
303,3,77.66400146484375,683.260009765625,SF66 ENL 
304,3,171.6199951171875,683.260009765625,Peugeot 
305,3,272.69000244140625,683.260009765625,Vito 
306,3,77.66400146484375,698.260009765625,SL70 WXV 
307,3,171.6199951171875,698.260009765625,Fiat 
308,3,272.69000244140625,698.260009765625,Tipo Lounge 
309,3,77.66400146484375,713.3800048828125,GF18 WAA 
310,3,171.6199951171875,713.3800048828125,Skoda 
311,3,272.69000244140625,713.3800048828125,Superb SE TSI S-A 
312,3,77.66400146484375,743.0159912109375,YX55 FKT 
313,3,171.6199951171875,743.0159912109375,Renault 
314,3,272.69000244140625,728.5,Master LM35 DC1 100 LW B 
315,3,77.66400146484375,758.135986328125,SG62 URV 
316,3,171.6199951171875,758.135986328125,Fiat 
317,3,272.69000244140625,758.135986328125,Ducato 35 Multijet 
318,4,217.8500061035156,49.55999755859375,East Lothian Council 
319,4,297.6499938964844,66.5999755859375, 
320,4,199.25,83.51995849609375,FOI Ref: 2024/ELF14849 
321,4,72.02400207519531,96.8599853515625,  
322,4,77.66400146484375,112.4599609375,SF11 AWP 
323,4,171.6199951171875,112.4599609375,Peugeot 
324,4,272.69000244140625,112.4599609375,7 
325,4,77.66400146484375,142.0999755859375,SK22 VFV 
326,4,171.6199951171875,127.5799560546875,MG MG 5 Excite EV 
327,4,272.69000244140625,142.0999755859375,  
328,4,77.66400146484375,171.739990234375,SJ65 AUU 
329,4,171.6199951171875,157.219970703125,Peugeot Partner 
330,4,272.69000244140625,171.739990234375,  
331,4,77.66400146484375,186.8599853515625,GM17 ZBT 
332,4,171.6199951171875,186.8599853515625,Skoda 
333,4,272.69000244140625,186.8599853515625,Octavia 
334,4,77.66400146484375,201.97998046875,JC07 BAT 
335,4,171.6199951171875,201.97998046875,Ford 
336,4,272.69000244140625,201.97998046875,Mondeo 
337,4,77.66400146484375,217.0999755859375,LR18 KSF 
338,4,171.6199951171875,217.0999755859375,Vauxhall 
339,4,272.69000244140625,217.0999755859375,Vivaro 
340,4,77.66400146484375,232.0999755859375,HX18 AUV 
341,4,171.6199951171875,232.0999755859375,Peugeot 
342,4,272.69000244140625,232.0999755859375,Boxer Minibus 
343,4,77.66400146484375,247.219970703125,YJ66 KKS 
344,4,171.6199951171875,247.219970703125,Renault 
345,4,272.69000244140625,247.219970703125,Master SL28 
346,4,77.66400146484375,262.3399658203125,T555 GPH 
347,4,171.6199951171875,262.3399658203125,Skoda 
348,4,272.69000244140625,262.3399658203125,Superb S TDI S-A 
349,4,77.66400146484375,277.3699951171875,SK22 VGC 
350,4,171.6199951171875,277.3699951171875,MG5 
351,4,272.69000244140625,277.3699951171875,Electric Estate Excite 
352,4,77.66400146484375,292.489990234375,SK22 VFX 
353,4,171.6199951171875,292.489990234375,MG 
354,4,272.69000244140625,292.489990234375,MG5 Excite 
355,4,77.66400146484375,307.6099853515625,YM66 XAC 
356,4,171.6199951171875,307.6099853515625,Ford 
357,4,272.69000244140625,307.6099853515625,Tourneo 
358,4,77.66400146484375,322.6099853515625,WP63 SZX 
359,4,171.6199951171875,322.6099853515625,Fiat 
360,4,272.69000244140625,322.6099853515625,199LXY1AL0D 
361,4,77.66400146484375,352.3699951171875,MJ22 GOA 
362,4,171.6199951171875,337.72998046875,Mercedes-Benz 
363,4,272.69000244140625,352.3699951171875,Evito Tourer Pro 
364,4,77.66400146484375,367.3699951171875,SK21 KFJ 
365,4,171.6199951171875,367.3699951171875,Skoda 
366,4,272.69000244140625,367.3699951171875,NX 
367,4,77.66400146484375,382.489990234375,OE19 YOK 
368,4,171.6199951171875,382.489990234375,Peugeot 
369,4,272.69000244140625,382.489990234375,308 SW 
370,4,77.66400146484375,397.6099853515625,NG65 DYC 
371,4,171.6199951171875,397.6099853515625,Peugeot 
372,4,272.69000244140625,397.6099853515625,Partner Tepee S HDI 
373,4,77.66400146484375,412.6099853515625,MA12 LVV 
374,4,171.6199951171875,412.6099853515625,Peugeot 
375,4,272.69000244140625,412.6099853515625,508 Active HDI 
376,4,77.66400146484375,427.72998046875,SG70 XYL 
377,4,171.6199951171875,427.72998046875,Dacia 
378,4,272.69000244140625,427.72998046875,Duster Essential TCE 4X2 
379,4,77.66400146484375,442.8499755859375,SO23 OCE 
380,4,171.6199951171875,442.8499755859375,Vauxhall 
381,4,272.69000244140625,442.8499755859375,Vivaro E 
382,4,77.66400146484375,457.969970703125,KY21 ULB 
383,4,171.6199951171875,457.969970703125,Seat 
384,4,272.69000244140625,457.969970703125,Euro 6 
385,4,77.66400146484375,472.989990234375,SL71 XFP 
386,4,171.6199951171875,472.989990234375,MG5 
387,4,272.69000244140625,472.989990234375,Electric Estate Excite 
388,4,77.66400146484375,488.1099853515625,SF14 AUP 
389,4,171.6199951171875,488.1099853515625,Peugeot 
390,4,272.69000244140625,488.1099853515625,Horizon 
391,4,77.66400146484375,503.22998046875,SF66 OUM 
392,4,171.6199951171875,503.22998046875,Ford 
393,4,272.69000244140625,503.22998046875,Freedom RS 
394,4,77.66400146484375,518.22998046875,SE13 WGO 
395,4,171.6199951171875,518.22998046875,Peugeot 
396,4,272.69000244140625,518.22998046875,Boxer 333 L1H1 HDI 
397,4,77.66400146484375,533.3499755859375,SF64 EXT 
398,4,171.6199951171875,533.3499755859375,Peugeot 
399,4,272.69000244140625,533.3499755859375,Premier S 
400,4,77.66400146484375,548.469970703125,RO18 ERJ 
401,4,171.6199951171875,548.469970703125,Ford 
402,4,272.69000244140625,548.469970703125,Tourneo Custom 
403,4,77.66400146484375,563.469970703125,SF19 KZA 
404,4,171.6199951171875,563.469970703125,Ford 
405,4,272.69000244140625,563.469970703125,Pro Cab 
406,4,77.66400146484375,578.5899658203125,SF67 AZA 
407,4,171.6199951171875,578.5899658203125,Peugeot 
408,4,272.69000244140625,578.5899658203125,Horizon RS Blue HDI S/S 
409,4,77.66400146484375,593.7099609375,YT71 ZJN 
410,4,171.6199951171875,593.7099609375,Ford 
411,4,272.69000244140625,593.7099609375,CFAC 
412,4,77.66400146484375,623.3499755859375,SA71XHT 
413,4,171.6199951171875,623.3499755859375,Ford 
414,4,272.69000244140625,608.8299560546875,Tourneo Custom 320 TI EBLUE 
415,4,77.66400146484375,638.469970703125,SF16 EZW 
416,4,171.6199951171875,638.469970703125,Peugeot 
417,4,272.69000244140625,638.469970703125,Euro Taxi 
418,4,77.66400146484375,668.1400146484375,SD63 FEX 
419,4,171.6199951171875,653.469970703125,Peugeot Horizon 
420,4,272.69000244140625,668.1400146484375,Horizon S AC 
421,4,77.66400146484375,697.7799682617188,LM51 CAB 
422,4,171.6199951171875,697.7799682617188,Ford 
423,4,272.69000244140625,683.260009765625,Tourneo Custom 310 T-NIUM TDCi 
424,4,77.66400146484375,712.8999633789062,SH63 AVK 
425,4,171.6199951171875,712.8999633789062,Nissan 
426,4,272.69000244140625,712.8999633789062,NV200 
427,4,77.66400146484375,728.0199584960938,SF11 KHM 
428,4,171.6199951171875,728.0199584960938,Peugeot 
429,4,272.69000244140625,728.0199584960938,Partner 
430,4,77.66400146484375,743.0159912109375,SC66 MWA 
431,4,171.6199951171875,743.0159912109375,Renault 
432,4,272.69000244140625,743.0159912109375,Trafic 
433,4,77.66400146484375,758.135986328125,JP55 JGP 
434,4,171.6199951171875,758.135986328125,Vauxhall 
435,4,272.69000244140625,758.135986328125,Vivario 
436,5,217.8500061035156,49.55999755859375,East Lothian Council 
437,5,297.6499938964844,66.5999755859375, 
438,5,199.25,83.51995849609375,FOI Ref: 2024/ELF14849 
439,5,72.02400207519531,96.8599853515625,  
440,5,77.66400146484375,112.4599609375,DV16 RCO 
441,5,171.6199951171875,112.4599609375,Vauxhall 
442,5,272.69000244140625,112.4599609375,VX8 
443,5,77.66400146484375,127.5799560546875,SF18 PXT 
444,5,171.6199951171875,127.5799560546875,Ford 
445,5,272.69000244140625,127.5799560546875,Alllied Pro-Cab 
446,5,77.66400146484375,142.5799560546875,SF14 BHY 
447,5,171.6199951171875,142.5799560546875,Peugeot 
448,5,272.69000244140625,142.5799560546875,Premier 
449,5,77.66400146484375,157.70001220703125,SF64 HFA 
450,5,171.6199951171875,157.70001220703125,Peugeot 
451,5,272.69000244140625,157.70001220703125,7TP 
452,5,77.66400146484375,172.82000732421875,YY18 ZHK 
453,5,171.6199951171875,172.82000732421875,Volkswagen 
454,5,272.69000244140625,172.82000732421875,Caddy Maxi 
455,5,77.66400146484375,187.82000732421875,SF68KTE 
456,5,171.6199951171875,187.82000732421875,Ford 
457,5,272.69000244140625,187.82000732421875,Allied Procab 
458,5,77.66400146484375,202.94000244140625,LK16 MGJ 
459,5,171.6199951171875,202.94000244140625,Vauxhall 
460,5,272.69000244140625,202.94000244140625,Vivaro Combi CDTI S/S 
461,5,77.66400146484375,218.05999755859375,SF17 BTE 
462,5,171.6199951171875,218.05999755859375,Ford 
463,5,272.69000244140625,218.05999755859375,Tourneo Connect 
464,5,77.66400146484375,233.17999267578125,SF20 AWG 
465,5,171.6199951171875,233.17999267578125,Ford Pro Cab 
466,5,272.69000244140625,233.17999267578125,  
467,5,77.66400146484375,248.17999267578125,AC52 CAB 
468,5,171.6199951171875,248.17999267578125,Ford 
469,5,272.69000244140625,248.17999267578125,Maxi Cab 
470,5,77.66400146484375,263.29998779296875,SF68 LGK 
471,5,171.6199951171875,263.29998779296875,Mercedes 
472,5,272.69000244140625,263.29998779296875,Benz 
473,5,77.66400146484375,278.45001220703125,DU19 KKB 
474,5,171.6199951171875,278.45001220703125,Vauxhall 
475,5,272.69000244140625,278.45001220703125,Vivaro Combi CDTi S/S 
476,5,77.66400146484375,293.45001220703125,GK16 XVP 
477,5,171.6199951171875,293.45001220703125,Volkswagen 
478,5,272.69000244140625,293.45001220703125,Transporter 
479,5,77.66400146484375,308.57000732421875,SF66 FXC 
480,5,171.6199951171875,308.57000732421875,Peugeot 
481,5,272.69000244140625,308.57000732421875,G9 
482,5,77.66400146484375,323.69000244140625,MK16 KLJ 
483,5,171.6199951171875,323.69000244140625,Vauxhall 
484,5,272.69000244140625,323.69000244140625,Vivaro 
485,5,77.66400146484375,338.6899719238281,SD63 DMY 
486,5,171.6199951171875,338.6899719238281,Peugeot 
487,5,272.69000244140625,338.6899719238281,Premier 
488,5,77.66400146484375,353.80999755859375,SF68 DYG 
489,5,171.6199951171875,353.80999755859375,Peugeot 
490,5,272.69000244140625,353.80999755859375,Premier RX 1.6 
491,5,77.66400146484375,368.9299926757813,SF64 HEU 
492,5,171.6199951171875,368.9299926757813,Peugeot 
493,5,272.69000244140625,368.9299926757813,7TP 
494,5,77.66400146484375,384.0499877929687,AC53 CAB 
495,5,171.6199951171875,384.0499877929687,LEVC 
496,5,272.69000244140625,384.0499877929687,HRE 
497,5,77.66400146484375,399.0499877929687,SF18 AVE 
498,5,171.6199951171875,399.0499877929687,Ford 
499,5,272.69000244140625,399.0499877929687,Tourneo Custom 
500,5,77.66400146484375,414.16998291015625,PO19 XWX 
501,5,171.6199951171875,414.16998291015625,Renault 
502,5,272.69000244140625,414.16998291015625,Trafic 
503,5,77.66400146484375,429.28997802734375,SF20 AFK 
504,5,171.6199951171875,429.28997802734375,Ford 
505,5,272.69000244140625,429.28997802734375,Procab 
506,5,77.66400146484375,444.28997802734375,SN15 YRD 
507,5,171.6199951171875,444.28997802734375,Renault 
508,5,272.69000244140625,444.28997802734375,Trafic 
509,5,77.66400146484375,459.4099731445313,YN69 AYA 
510,5,171.6199951171875,459.4099731445313,Ford 
511,5,272.69000244140625,459.4099731445313,Maxi Cab 
512,5,77.66400146484375,474.5499877929687,YJ69 BBO 
513,5,171.6199951171875,474.5499877929687,Ford 
514,5,272.69000244140625,474.5499877929687,Maxi Cab 
515,5,77.66400146484375,489.5499877929687,NK18CBO 
516,5,171.6199951171875,489.5499877929687,Volkswagen 
517,5,272.69000244140625,489.5499877929687,Caddy Maxi  C20 Life TDI 
518,5,77.66400146484375,504.66998291015625,SF65 NZE 
519,5,171.6199951171875,504.66998291015625,Ford 
520,5,272.69000244140625,504.66998291015625,Tourneo 
521,5,77.66400146484375,519.7899780273438,SF60 CBU 
522,5,171.6199951171875,519.7899780273438,Fiat 
523,5,272.69000244140625,519.7899780273438,Scudo Combi 120 SWB 
524,5,77.66400146484375,534.9099731445312,SF65 GNJ 
525,5,171.6199951171875,534.9099731445312,Peugeot 
526,5,272.69000244140625,534.9099731445312,Partner 
527,5,77.66400146484375,549.9099731445312,SF61 CTE 
528,5,171.6199951171875,549.9099731445312,Fiat 
529,5,272.69000244140625,549.9099731445312,TW200 
530,5,77.66400146484375,565.0299682617188,SF67 HPV 
531,5,171.6199951171875,565.0299682617188,Ford 
532,5,272.69000244140625,565.0299682617188,Freedom 
533,5,77.66400146484375,580.1500244140625,RC51 TAX 
534,5,171.6199951171875,580.1500244140625,Mercedes 
535,5,272.69000244140625,580.1500244140625,Benz 
536,5,77.66400146484375,595.1499633789062,SF67 DNN 
537,5,171.6199951171875,595.1499633789062,Peugeot 
538,5,272.69000244140625,595.1499633789062,  
539,5,77.66400146484375,610.27001953125,YJ65 XYU 
540,5,171.6199951171875,610.27001953125,Ford 
541,5,272.69000244140625,610.27001953125,Tourneo Cust 300 
542,5,77.66400146484375,625.3900146484375,SF65 NVO 
543,5,171.6199951171875,625.3900146484375,Ford 
544,5,272.69000244140625,625.3900146484375,Tourneo Connect 
545,5,77.66400146484375,640.3900146484375,YH 21 CZX 
546,5,171.6199951171875,640.3900146484375,Renault 
547,5,272.69000244140625,640.3900146484375,Trafic Business Energy 
548,5,77.66400146484375,655.5399780273438,SF68 DDJ 
549,5,171.6199951171875,655.5399780273438,Peugeot 
550,5,272.69000244140625,655.5399780273438,Horizon RS Blue 
551,5,77.66400146484375,685.1799926757812,SJ19 RHN 
552,5,171.6199951171875,685.1799926757812,Volkswagon 
553,5,272.69000244140625,670.6599731445312,Caddy maxi C20 LIFE TDI S-A 
554,5,77.66400146484375,700.2999877929688,K20 CDW 
555,5,171.6199951171875,700.2999877929688,Peugeot 
556,5,272.69000244140625,700.2999877929688,Partner Tepee 
557,5,77.66400146484375,729.9400024414062,YT18 GFY 
558,5,171.6199951171875,729.9400024414062,Ford Tourneo 
559,5,272.69000244140625,715.4199829101562,Custom 310 T-NIUM TDCi 
560,5,77.66400146484375,745.0559692382812,YJ65 XXW 
561,5,171.6199951171875,745.0559692382812,Ford 
562,5,272.69000244140625,745.0559692382812,Torneo Cust 300 
563,5,77.66400146484375,760.1759643554688,LO16 HKH 
564,5,171.6199951171875,760.1759643554688,Vauxhall 
565,5,272.69000244140625,760.1759643554688,Vivaro LZ Diesel 
566,6,217.8500061035156,49.55999755859375,East Lothian Council 
567,6,297.6499938964844,66.5999755859375, 
568,6,199.25,83.51995849609375,FOI Ref: 2024/ELF14849 
569,6,72.02400207519531,96.8599853515625,  
570,6,77.66400146484375,126.97998046875,SF12 GJY 
571,6,171.6199951171875,112.4599609375,Peugeot Premier S 7 
572,6,272.69000244140625,126.97998046875,  
573,6,77.66400146484375,142.0999755859375,SF64 SXW 
574,6,171.6199951171875,142.0999755859375,Ford 
575,6,272.69000244140625,142.0999755859375,Tourneo 
576,6,77.66400146484375,157.219970703125,SF13 FUT 
577,6,171.6199951171875,157.219970703125,Peugeot 
578,6,272.69000244140625,157.219970703125,Horizon S AC 
579,6,77.66400146484375,172.3399658203125,YJ69 BBN 
580,6,171.6199951171875,172.3399658203125,Ford 
581,6,272.69000244140625,172.3399658203125,Maxi Cab 
582,6,77.66400146484375,187.3399658203125,SN19 KYK 
583,6,171.6199951171875,187.3399658203125,Mercedes 
584,6,272.69000244140625,187.3399658203125,Vito 114 Bluetec Tourer 
585,6,77.66400146484375,202.4599609375,SF18 BWV 
586,6,171.6199951171875,202.4599609375,Ford Tourneo 
587,6,272.69000244140625,202.4599609375,  
588,6,77.66400146484375,217.5799560546875,DY64 AZG 
589,6,171.6199951171875,217.5799560546875,Vauxhall 
590,6,272.69000244140625,217.5799560546875,Vivaro 
591,6,77.66400146484375,232.5799560546875,AC57 AXE 
592,6,171.6199951171875,232.5799560546875,Ford 
593,6,272.69000244140625,232.5799560546875,Transit 
594,6,77.66400146484375,247.70001220703125,PN68 NVZ 
595,6,171.6199951171875,247.70001220703125,Renault 
596,6,272.69000244140625,247.70001220703125,Traffic 
597,6,77.66400146484375,262.82000732421875,KR22 BGX 
598,6,171.6199951171875,262.82000732421875,Mercedes 
599,6,272.69000244140625,262.82000732421875,Vito 
600,6,77.66400146484375,277.8499755859375,SF18 AVG 
601,6,171.6199951171875,277.8499755859375,Ford 
602,6,272.69000244140625,277.8499755859375,Tourneo Custom 
603,6,77.66400146484375,292.969970703125,SF13 FZB 
604,6,171.6199951171875,292.969970703125,Peugeot 
605,6,272.69000244140625,292.969970703125,Premier 
606,6,77.66400146484375,308.0899658203125,LO16 HPE 
607,6,171.6199951171875,308.0899658203125,Vauxhall 
608,6,272.69000244140625,308.0899658203125,Vivaro 
609,6,77.66400146484375,323.2099609375,BN67 YHM 
610,6,171.6199951171875,323.2099609375,Ford 
611,6,272.69000244140625,323.2099609375,Tourneo 
612,6,77.66400146484375,338.2099914550781,DS12 SX0 
613,6,171.6199951171875,338.2099914550781,Vauxhall 
614,6,272.69000244140625,338.2099914550781,Vivaro 
615,6,77.66400146484375,353.3299865722656,GN67DJJ 
616,6,171.6199951171875,353.3299865722656,Volkswagen 
617,6,272.69000244140625,353.3299865722656,Caddy Maxi 
618,6,77.66400146484375,368.4499816894531,SF12 ONB 
619,6,171.6199951171875,368.4499816894531,Peugeot 
620,6,272.69000244140625,368.4499816894531,Horizon 
621,6,77.66400146484375,383.4499816894531,AC51 CAB 
622,6,171.6199951171875,383.4499816894531,LEVC 
623,6,272.69000244140625,383.4499816894531,TX Vista 
624,6,77.66400146484375,398.5699768066406,SF70 EKB 
625,6,171.6199951171875,398.5699768066406,Ford 
626,6,272.69000244140625,398.5699768066406,Euro 
627,6,77.66400146484375,413.6899719238281,MK17 VYD 
628,6,171.6199951171875,413.6899719238281,Ford 
629,6,272.69000244140625,413.6899719238281,Transit 
630,6,77.66400146484375,428.6899719238281,SF64 FXG 
631,6,171.6199951171875,428.6899719238281,Peugeot 
632,6,272.69000244140625,428.6899719238281,Euro Taxi LX 
633,6,77.66400146484375,443.80999755859375,MP10 ZZZ 
634,6,171.6199951171875,443.80999755859375,Vauxhall 
635,6,272.69000244140625,443.80999755859375,Vivaro 
636,6,77.66400146484375,458.9299926757813,SF11 ONK 
637,6,171.6199951171875,458.9299926757813,Peugeot 
638,6,272.69000244140625,458.9299926757813,Partner Tepee S HDI 92 
639,6,77.66400146484375,474.0699768066406,AD68 DFA 
640,6,171.6199951171875,474.0699768066406,Volkswagen 
641,6,272.69000244140625,474.0699768066406,Euro 
642,6,77.66400146484375,489.0699768066406,MX71 XHV 
643,6,171.6199951171875,489.0699768066406,Ford 
644,6,272.69000244140625,489.0699768066406,Tourneo Custom 320 TI 
645,6,77.66400146484375,504.1899719238281,SH73 TPF 
646,6,171.6199951171875,504.1899719238281,LEVC 
647,6,272.69000244140625,504.1899719238281,TX Vista Comfort Plus 
648,6,77.66400146484375,519.3099975585938,T17 ALL 
649,6,171.6199951171875,519.3099975585938,Ford 
650,6,272.69000244140625,519.3099975585938,Allied 
651,6,77.66400146484375,534.3099975585938,HV67 BZE 
652,6,171.6199951171875,534.3099975585938,Renault 
653,6,272.69000244140625,534.3099975585938,Trafic 
654,6,77.66400146484375,549.4299926757812,LJ13 ARU 
655,6,171.6199951171875,549.4299926757812,Fiat 
656,6,272.69000244140625,549.4299926757812,Doblo Dynamic M-Jet 
657,6,77.66400146484375,564.5499877929688,SF15 GFJ 
658,6,171.6199951171875,564.5499877929688,Peugeot 
659,6,272.69000244140625,564.5499877929688,Expert 
660,6,77.66400146484375,579.5499877929688,GR19 GWR 
661,6,171.6199951171875,579.5499877929688,Renault 
662,6,272.69000244140625,579.5499877929688,Trafic 
663,6,77.66400146484375,594.6699829101562,SF17 BNO 
664,6,171.6199951171875,594.6699829101562,Ford 
665,6,272.69000244140625,594.6699829101562,Freedom 
666,6,77.66400146484375,609.7899780273438,SF66 DRX 
667,6,171.6199951171875,609.7899780273438,Ford 
668,6,272.69000244140625,609.7899780273438,Ford Tourneo 
669,6,77.66400146484375,624.9099731445312,SF14 BUJ 
670,6,171.6199951171875,624.9099731445312,Peugeot 
671,6,272.69000244140625,624.9099731445312,Horizon S 
672,6,77.66400146484375,654.5799560546875,WD67 NOU 
673,6,171.6199951171875,654.5799560546875,Ford 
674,6,272.69000244140625,639.9099731445312,Tourneo Connect GRD Zetec TDCI 
675,6,77.66400146484375,669.699951171875,SD63 FTN 
676,6,171.6199951171875,669.699951171875,Peugeot 
677,6,272.69000244140625,669.699951171875,Premier 
678,6,77.66400146484375,699.3399658203125,FJ68 TWG 
679,6,171.6199951171875,684.699951171875,Mercedes-Benz 
680,6,272.69000244140625,699.3399658203125,  
681,6,77.66400146484375,714.3399658203125,SD17 OUF 
682,6,171.6199951171875,714.3399658203125,Peugeot 
683,6,272.69000244140625,714.3399658203125,Premier RS Blue HDI S/S 
684,6,77.66400146484375,729.4599609375,SK62 UPV 
685,6,171.6199951171875,729.4599609375,Renault 
686,6,272.69000244140625,729.4599609375,Trafic 
687,6,77.66400146484375,744.5759887695312,MF68 UYR 
688,6,171.6199951171875,744.5759887695312,Ford 
689,6,272.69000244140625,744.5759887695312,Tourneo 
690,6,77.66400146484375,759.6959838867188,LM68 LXF 
691,6,171.6199951171875,759.6959838867188,Vauxhall 
692,6,272.69000244140625,759.6959838867188,Vivaro 
693,7,217.8500061035156,49.55999755859375,East Lothian Council 
694,7,297.6499938964844,66.5999755859375, 
695,7,199.25,83.51995849609375,FOI Ref: 2024/ELF14849 
696,7,72.02400207519531,96.8599853515625,  
697,7,77.66400146484375,112.4599609375,SF68 KLO 
698,7,171.6199951171875,112.4599609375,Ford Pro Cab 
699,7,272.69000244140625,112.4599609375,Ford Pro Cab 
700,7,72.02400207519531,127.5799560546875, 
